{
        "title": "blogPostTitle",
        "hook": "blogPostSubtitle",
        "media": "blogPostImage",
        "body": "blogPostExcerpt",
        "cta": "blogPostCTA",  
        "ctaLink": "blogPostCTALink",
        "hashtags": {
                "keywordHashtags": [
                        "#{{keyword1}}",
                        "#{{keyword2}}",
                        "#{{keyword3}}",
                        "#{{keyword4}}",
                        "#{{keyword5}}"
                ],
                "serviceHashtags": [
                        "#{{service}}"
                ],
                "serviceCategotryHashtags": [
                        "#{{serviceCategory}}"
                ],
                "locationHashtags": [
                        "#{{town}}",
                        "#{{townState}}",
                        "#{{county}}",
                        "#{{countyState}}",
                        "#{{zipCode}}",
                        "#203"
                ],
                "companyHashtags": [
                        "#labate",
                        "#labategroup",
                        "#labate{{service}}",
                        "#labate{{serviceCategory}}"
                ],
                "trendingHashtags": [
                        "#{{trendingHashtag1}}",
                        "#{{trendingHashtag2}}",
                        "#{{trendingHashtag3}}",
                        "#{{trendingHashtag4}}",
                        "#{{trendingHashtag5}}",
                        "#{{trendingHashtag6}}"
                ],
                "topHashtags": [
                        "#{{topHashtag1}}",
                        "#{{topHashtag2}}",
                        "#{{topHashtag3}}",
                        "#{{topHashtag4}}",
                        "#{{topHashtag5}}",
                        "#{{topHashtag6}}"
                ],
        },
        "location": [
                "{{name}}",
                "{{town}}",
                "{{county}}",
                "{{state}}",
                "{{zip}}",
                "United States"
        ]
}
